{"cameraMode":{"drawMode":0,"name":"Shaded","section":"Shading Mode"},"sceneLighting":false,"audioPlay":false,"sceneViewState":{"showFog":true,"showMaterialUpdate":false,"showSkybox":false,"showFlares":true,"showImageEffects":true,"showParticleSystems":true,"showVisualEffectGraphs":true,"m_FxEnabled":false},"in2DMode":false,"pivot":{"x":0.4172323942184448,"y":-0.022768765687942506,"z":-0.5663434863090515},"rotation":{"x":-0.07665976136922836,"y":-0.8372861742973328,"z":0.12167362123727799,"w":-0.5275163054466248},"size":0.8003007769584656,"orthographic":false}