{"cameraMode":{"drawMode":0,"name":"Shaded","section":"Shading Mode"},"sceneLighting":true,"audioPlay":false,"sceneViewState":{"showFog":true,"showMaterialUpdate":false,"showSkybox":true,"showFlares":true,"showImageEffects":true,"showParticleSystems":true,"showVisualEffectGraphs":true,"m_FxEnabled":false},"in2DMode":false,"pivot":{"x":0.22704680263996125,"y":3.4547767639160158,"z":0.563651442527771},"rotation":{"x":0.1214781180024147,"y":-0.02233699895441532,"z":0.0027357139624655248,"w":0.992341160774231},"size":3.6247446537017824,"orthographic":false}