{"cameraMode":{"drawMode":0,"name":"Shaded","section":"Shading Mode"},"sceneLighting":true,"audioPlay":false,"sceneViewState":{"showFog":true,"showMaterialUpdate":false,"showSkybox":true,"showFlares":true,"showImageEffects":true,"showParticleSystems":true,"showVisualEffectGraphs":true,"m_FxEnabled":false},"in2DMode":false,"pivot":{"x":-0.2546783685684204,"y":-0.33587169647216799,"z":1.1350902318954468},"rotation":{"x":0.3394303023815155,"y":-0.09851916879415512,"z":0.03577299416065216,"w":0.9347748756408691},"size":2.8408303260803224,"orthographic":false}