{"cameraMode":{"drawMode":0,"name":"Shaded","section":"Shading Mode"},"sceneLighting":true,"audioPlay":false,"sceneViewState":{"showFog":true,"showMaterialUpdate":false,"showSkybox":true,"showFlares":true,"showImageEffects":true,"showParticleSystems":true,"showVisualEffectGraphs":true,"m_FxEnabled":false},"in2DMode":false,"pivot":{"x":2.35752010345459,"y":0.9449831247329712,"z":17.196216583251954},"rotation":{"x":0.17731793224811555,"y":0.07667326182126999,"z":-0.013857422396540642,"w":0.9810668230056763},"size":15.730430603027344,"orthographic":false}