{"cameraMode":{"drawMode":0,"name":"Shaded","section":"Shading Mode"},"sceneLighting":true,"audioPlay":false,"sceneViewState":{"showFog":true,"showMaterialUpdate":false,"showSkybox":true,"showFlares":true,"showImageEffects":true,"showParticleSystems":true,"showVisualEffectGraphs":true,"m_FxEnabled":false},"in2DMode":false,"pivot":{"x":6.817914962768555,"y":-6.202825546264648,"z":6.786080360412598},"rotation":{"x":0.6448322534561157,"y":0.0034370434004813434,"z":-0.0028958015609532596,"w":0.7643147110939026},"size":33.01777648925781,"orthographic":false}