{"cameraMode":{"drawMode":0,"name":"Shaded","section":"Shading Mode"},"sceneLighting":true,"audioPlay":false,"sceneViewState":{"showFog":true,"showMaterialUpdate":false,"showSkybox":true,"showFlares":true,"showImageEffects":true,"showParticleSystems":true,"showVisualEffectGraphs":true,"m_FxEnabled":false},"in2DMode":false,"pivot":{"x":18.937788009643556,"y":-6.286962509155273,"z":6.184980392456055},"rotation":{"x":0.6448322534561157,"y":0.0034370434004813434,"z":-0.0028958015609532596,"w":0.7643147110939026},"size":35.74439239501953,"orthographic":false}