{"cameraMode":{"drawMode":0,"name":"Shaded","section":"Shading Mode"},"sceneLighting":false,"audioPlay":false,"sceneViewState":{"showFog":true,"showMaterialUpdate":false,"showSkybox":false,"showFlares":true,"showImageEffects":true,"showParticleSystems":true,"showVisualEffectGraphs":true,"m_FxEnabled":false},"in2DMode":false,"pivot":{"x":0.015523537993431092,"y":0.26633399724960329,"z":-0.9328081607818604},"rotation":{"x":0.1866539567708969,"y":-0.023580970242619516,"z":0.004482978489249945,"w":0.982134997844696},"size":0.6123725175857544,"orthographic":false}