{"cameraMode":{"drawMode":0,"name":"Shaded","section":"Shading Mode"},"sceneLighting":false,"audioPlay":false,"sceneViewState":{"showFog":true,"showMaterialUpdate":false,"showSkybox":false,"showFlares":true,"showImageEffects":true,"showParticleSystems":true,"showVisualEffectGraphs":true,"m_FxEnabled":false},"in2DMode":false,"pivot":{"x":0.9101805686950684,"y":-0.07580801844596863,"z":0.7597560882568359},"rotation":{"x":-0.04661760851740837,"y":-0.7240578532218933,"z":0.04917244240641594,"w":-0.6864052414894104},"size":1.2803080081939698,"orthographic":false}