{"cameraMode":{"drawMode":0,"name":"Shaded","section":"Shading Mode"},"sceneLighting":false,"audioPlay":false,"sceneViewState":{"showFog":true,"showMaterialUpdate":false,"showSkybox":false,"showFlares":true,"showImageEffects":true,"showParticleSystems":true,"showVisualEffectGraphs":true,"m_FxEnabled":false},"in2DMode":false,"pivot":{"x":-0.6802070140838623,"y":0.9297528862953186,"z":-0.3868713974952698},"rotation":{"x":-0.011467537842690945,"y":-0.7613054513931274,"z":-0.013468831777572632,"w":0.6481554508209229},"size":1.6260952949523926,"orthographic":false}