{"cameraMode":{"drawMode":0,"name":"Shaded","section":"Shading Mode"},"sceneLighting":false,"audioPlay":false,"sceneViewState":{"showFog":true,"showMaterialUpdate":false,"showSkybox":false,"showFlares":true,"showImageEffects":true,"showParticleSystems":true,"showVisualEffectGraphs":true,"m_FxEnabled":false},"in2DMode":false,"pivot":{"x":-0.5477508306503296,"y":0.17201191186904908,"z":-0.17169123888015748},"rotation":{"x":-0.08377408236265183,"y":-0.8195269107818604,"z":0.12411823123693466,"w":-0.5531320571899414},"size":1.1003007888793946,"orthographic":false}